/narendra_singh_official216/,https://instagram.fbom1-2.fna.fbcdn.net/vp/fc9d372b3f6442ddb0bab45ff794f513/5B3930A9/t51.2885-19/s150x150/24175082_348219565645569_4315514561277984768_n.jpg,narendra_singh_official216,ğŸ‘‘Narendra SinghğŸ‘‘
/adityakumar218/,https://instagram.fbom1-2.fna.fbcdn.net/vp/556dca0a9a896172c28de08a8f1a82c6/5B346709/t51.2885-19/s150x150/26339504_570745313267344_4317389567905759232_n.jpg,adityakumar218,Aditya kumar
/abhishekraj2901/,https://instagram.fbom1-2.fna.fbcdn.net/vp/77af81d8ffae7d118af36996c30b6e52/5B494825/t51.2885-19/s150x150/28430869_1830036727295764_2090088625634017280_n.jpg,abhishekraj2901,#_cute___chorağŸ˜ğŸ˜ğŸ˜desi_gabru
/daniyalization/,https://instagram.fbom1-2.fna.fbcdn.net/vp/63581a25725d10f9b2c55fb6004fa50b/5B3342E0/t51.2885-19/s150x150/23734034_707819206078967_5989570037323661312_n.jpg,daniyalization,ï¼¤ï¼¡ï¼®ï¼©ï¼¹ï¼¡ï¼¬ ï¼¡ï¼ºï¼¡ï¼­
/dhana6698/,https://instagram.fbom1-2.fna.fbcdn.net/vp/36ec428e662489c9ce8c1028cb7fbcbc/5B480AE4/t51.2885-19/s150x150/28428755_1660238664055013_7564412709429575680_n.jpg,dhana6698,Dhana
/mr_rahil143/,https://instagram.fbom1-2.fna.fbcdn.net/vp/4a732c62aa07ad613912116a7b50d1ee/5B32EDE8/t51.2885-19/s150x150/28430625_592126467804673_9120512582342410240_n.jpg,mr_rahil143,â¤AASHIQUi'   | ğŸ‘‘    ğŸŒ
/jiju_maveli/,https://instagram.fbom1-2.fna.fbcdn.net/vp/af67c0dbbfdda82eb2a85382dfabca2e/5B489368/t51.2885-19/s150x150/15802273_1859335881016233_4099560667877474304_a.jpg,jiju_maveli,MAVELI JIJUğŸ”µOFFICIAL
/mukul_khenwar_/,https://instagram.fbom1-2.fna.fbcdn.net/vp/785552408126ba33144027842ad152b8/5B4712DD/t51.2885-19/s150x150/28152834_764800613723970_1296730500169203712_n.jpg,mukul_khenwar_,mukul khenwar
/suryarock6121/,https://instagram.fbom1-2.fna.fbcdn.net/vp/7741532f004a40aff6edd900a405d0ff/5B4DE444/t51.2885-19/s150x150/27893434_2152411264980544_3278647050148773888_n.jpg,suryarock6121,Å›Ã¹Å•Ã¿Ã¢ Ã§Å•Ã Åºy
/yadavboy_3/,https://instagram.fbom1-2.fna.fbcdn.net/vp/7abae689d17ad8442be5dd231ba118a9/5B39CBE6/t51.2885-19/s150x150/28154546_1054304294720753_3955735828180762624_n.jpg,yadavboy_3,Yash Yadav
/chetan.sanadhya/,https://instagram.fbom1-2.fna.fbcdn.net/vp/687af13e14e41db83462cd4f99882c6d/5B44535B/t51.2885-19/s150x150/23416690_1487795287975418_3958162643616792576_n.jpg,chetan.sanadhya,chetan sanadhya
/pr_i_y_a_pal/,https://instagram.fbom1-2.fna.fbcdn.net/vp/bc86997845a5c3d08602d83fe9a14c3e/5B2C9F11/t51.2885-19/s150x150/27878338_562728777421932_660330764830769152_n.jpg,pr_i_y_a_pal,"prÃ®Ã±Ã§ÃªÃŸÃŸ.ğŸ’›ğŸ’ğŸ’ğŸ’›ğŸ’ğŸ’ğŸ’›
ğŸ’ğŸ’ğŸ’ğŸ’ğŸ’ğŸ’"
/saicenaprince/,https://instagram.fbom1-2.fna.fbcdn.net/vp/4ecd18fcb178ee343dde1a7dbfe0b88f/5B3E96AC/t51.2885-19/s150x150/27581974_402515206860771_9022701518289108992_n.jpg,saicenaprince,Sai CeNa PriNce
/shubham_dolaskar007/,https://instagram.fbom1-2.fna.fbcdn.net/vp/aad8a4be37e6318452b74c5e1d0395c9/5B437550/t51.2885-19/s150x150/20905601_142101123054741_3469954613023604736_a.jpg,shubham_dolaskar007,Shubham Dolaskar
/awez_qureshi/,https://instagram.fbom1-2.fna.fbcdn.net/vp/e8b8dcc6687bee078a6c514b71825846/5B292397/t51.2885-19/s150x150/27581106_347389902445070_8271796296981938176_n.jpg,awez_qureshi,Awez qureshi
/r_a_m__agrawal/,https://instagram.fbom1-2.fna.fbcdn.net/vp/9260f9ffea966cd6880cb9fe3faf4782/5B3B77FA/t51.2885-19/s150x150/27893557_150089339008979_2831943955711524864_n.jpg,r_a_m__agrawal,Ram Agrawal
/kumaranil83767/,https://instagram.fbom1-2.fna.fbcdn.net/vp/7674725dddef98cf1b7492e67db1202a/5B490D53/t51.2885-19/s150x150/28436540_184955618947352_7737569014662037504_n.jpg,kumaranil83767,sushil kumar
/shahab_shykh/,https://instagram.fbom1-2.fna.fbcdn.net/vp/519d6e7978b88ee0040aae3738bf8cb8/5B4E3746/t51.2885-19/s150x150/25026232_348308098976727_2110405362837356544_n.jpg,shahab_shykh,Shahab shykh
/chrisphilip.13/,https://instagram.fbom1-2.fna.fbcdn.net/vp/9b812b0ee8b774d912dc396d6246de49/5B312563/t51.2885-19/s150x150/27573716_1966389760057679_1832924765841522688_n.jpg,chrisphilip.13,chRisğŸ‘‘âœ¨
/musaley_/,https://instagram.fbom1-2.fna.fbcdn.net/vp/059d537a55f1aa42fded6ca14b77d74b/5B2E2146/t51.2885-19/s150x150/16907002_416734198669762_6658391359793135616_a.jpg,musaley_,MOHAMED
/sunil.john24/,https://instagram.fbom1-2.fna.fbcdn.net/vp/3eb71cdc2059cc163589fb0b6bbd8b15/5B30C601/t51.2885-19/s150x150/20837622_488089311540567_5718016679879901184_a.jpg,sunil.john24,Sunil John Metri
/shivuu___mishra_143_official/,https://instagram.fbom1-2.fna.fbcdn.net/vp/cbc2b2707d5498d9d44cdc6211768025/5B38FB62/t51.2885-19/s150x150/28427161_568343023532984_7172108837539807232_n.jpg,shivuu___mishra_143_official,áºHiVaM MIsHRA. ğŸ˜˜(MR.HANDSOME)
/mdmuntajeeboffical/,https://instagram.fbom1-2.fna.fbcdn.net/vp/7721a501e9c6bacc0319278631d9dce6/5B337AEE/t51.2885-19/s150x150/27879892_586434625039646_8464150758135169024_n.jpg,mdmuntajeeboffical,Md Muntajeeb_official
/rohan_sawant_rs007/,https://instagram.fbom1-2.fna.fbcdn.net/vp/4cd03c5b056d3861cf8d39e91cc7aef6/5B38825F/t51.2885-19/s150x150/28751652_417311975395528_6797563096345870336_n.jpg,rohan_sawant_rs007,ROHAN RS
/shakti.arora.official/,https://instagram.fbom1-2.fna.fbcdn.net/vp/af8e5181ad548fc61c19fa1f3cae6d91/5B4B7C4C/t51.2885-19/s150x150/23824445_156224538325443_2138523723450286080_n.jpg,shakti.arora.official,Shakti Arora
/rohit_3124/,https://instagram.fbom1-2.fna.fbcdn.net/vp/6ecf2b0f4e31ccb56f74c0f423d7c59d/5B4BDE44/t51.2885-19/s150x150/28432822_1960547737607732_8024186630594101248_n.jpg,rohit_3124,Rohit
/weird_thinking_04/,https://instagram.fbom1-2.fna.fbcdn.net/vp/dd427b540b7a0c5ecb3c575d6f55ef8c/5B370BDB/t51.2885-19/s150x150/28754358_549618542103552_5056591209489760256_n.jpg,weird_thinking_04,"â˜†ğŸ‡¦ğŸ‡³ ğŸ‡®ğŸ‡° ğŸ‡ª ğŸ‡¹
  ğŸ‡¸ ğŸ‡¦ğŸ‡° ğŸ‡­ğŸ‡¦ ğŸ‡·ğŸ‡ªâ˜†"
/nisha_sarkar13/,https://instagram.fbom1-2.fna.fbcdn.net/vp/5d3d00b8dca3fb54325aacf678e6f0a1/5B36DC73/t51.2885-19/s150x150/28430645_218170745413237_6299891238459932672_n.jpg,nisha_sarkar13,
/alokchoudari/,https://instagram.fbom1-2.fna.fbcdn.net/vp/be76e4bdc0f6f470b3593474f4ea1a1e/5B320E92/t51.2885-19/s150x150/28430370_574662486229831_7317829209513000960_n.jpg,alokchoudari,alokchoudari
/mr__deep____/,https://instagram.fbom1-2.fna.fbcdn.net/vp/5604dd234f32b52a1087d85c21073e68/5B2D80A2/t51.2885-19/s150x150/28156973_253881291817347_4254811022524678144_n.jpg,mr__deep____,DÎ£Î£PÎ”Òœ âˆ‡ISHÎ”Ğ¨ÒœÎ”RMÎ”
/alijan4613/,https://instagram.fbom1-2.fna.fbcdn.net/vp/b8b009adb19b9aa0d50ec224d9017462/5B453F7A/t51.2885-19/11906329_960233084022564_1448528159_a.jpg,alijan4613,Ali Jan
/official_cooltaksh/,https://instagram.fbom1-2.fna.fbcdn.net/vp/6601e3445da42b9b6ae6fda79c849cd7/5B36B098/t51.2885-19/s150x150/21433573_278786092624586_5722108327719075840_a.jpg,official_cooltaksh,Takshdip Wasnik
/xton3r/,https://instagram.fbom1-2.fna.fbcdn.net/vp/704975fcf3a3fa9859235fef0db7f638/5B40F810/t51.2885-19/s150x150/28152392_2023322211247487_8308750715287764992_n.jpg,xton3r,vijğŸ’€rex.
/meriem_tsn/,https://instagram.fbom1-2.fna.fbcdn.net/vp/ff9d6f1c6007749d8057a4e87db3f5a4/5B2ABCE4/t51.2885-19/s150x150/27880915_156006671724184_3949366133982756864_n.jpg,meriem_tsn,ğŸ‘‘Meriem TsnğŸ‘‘
/alfaazkhansahab/,https://instagram.fbom1-2.fna.fbcdn.net/vp/b88643b7d137e5f6a45875be87b2b3fb/5B4BE743/t51.2885-19/s150x150/28430253_299775140551729_7484634039798726656_n.jpg,alfaazkhansahab,Alfaaz Khan Sahab
/priya_singh939/,https://instagram.fbom1-2.fna.fbcdn.net/vp/44534b5d36cd04b960f4e93b4baf6035/5B306ABC/t51.2885-19/s150x150/26322629_150749075581940_3907038144653950976_n.jpg,priya_singh939,priya singh939
/nayandasdipto/,https://instagram.fbom1-2.fna.fbcdn.net/vp/596053d58bca3a041459734d0f244e22/5B306F1B/t51.2885-19/s150x150/27893159_951144501713890_8320278355970621440_n.jpg,nayandasdipto,Nayan Das ÄiptÃ¸
/bhargac9138/,https://instagram.fbom1-2.fna.fbcdn.net/vp/2198627fb1decc3155e4049b7c272580/5B3C7639/t51.2885-19/s150x150/28430216_170074006972174_5971528863988056064_n.jpg,bhargac9138,bhuvi
/nishiyeen/,https://instagram.fbom1-2.fna.fbcdn.net/vp/0f05a70618ffa96cb7a81f0c71937e0b/5B2F693D/t51.2885-19/11355792_530822373736342_1447397330_a.jpg,nishiyeen,nishi yeen
/jori221/,https://instagram.fbom1-2.fna.fbcdn.net/vp/4cfcb13e77e2795a9613cf04d41bfce8/5B36F8EF/t51.2885-19/11809902_452636331528232_555161532_a.jpg,jori221,Ø§Ù„Ø¬ÙˆØ±ÙŠ
